<?xml version="1.0" standalone="yes"?>
<xs:schema id="FiddlerDS" xmlns="" xmlns:xs="http://www.w3.org/2001/XMLSchema" xmlns:msdata="urn:schemas-microsoft-com:xml-msdata">
  <xs:element name="FiddlerDS" msdata:IsDataSet="true" msdata:Locale="en-US">
    <xs:complexType>
      <xs:choice minOccurs="0" maxOccurs="unbounded">
        <xs:element name="dsProject">
          <xs:complexType>
            <xs:sequence>
              <xs:element name="Report" minOccurs="0" maxOccurs="unbounded">
                <xs:complexType>
                  <xs:sequence>
                    <xs:element name="Data" minOccurs="0" maxOccurs="unbounded">
                      <xs:complexType>
                        <xs:attribute name="URL" type="xs:string" />
                        <xs:attribute name="OldFile" type="xs:string" />
                        <xs:attribute name="NewFile" type="xs:string" />
                        <xs:attribute name="Income" type="xs:long" default="0"  />
                        <xs:attribute name="Outcome" type="xs:long" default="0"  />
                        <xs:attribute name="Result" type="xs:string" />
                        <xs:attribute name="Reason" type="xs:string" />
                        <xs:attribute name="Soft" type="xs:string" />
                      </xs:complexType>
                    </xs:element>
                  </xs:sequence>
                  <xs:attribute name="Name" type="xs:string" />
                </xs:complexType>
              </xs:element>
            </xs:sequence>
          </xs:complexType>
        </xs:element>
      </xs:choice>
    </xs:complexType>
  </xs:element>
</xs:schema>